number,value,datetime_start,datetime_complete,duration,params_estimator,params_estimator__fit_intercept,params_estimator__max_depth,params_estimator__max_features,params_estimator__min_samples_leaf,params_estimator__min_samples_split,params_estimator__n_estimators,params_estimator__normalize,params_feature_selector__k,params_preprocessor__categorical__cleaner__strategy,params_preprocessor__categorical__encoder,params_preprocessor__numerical__cleaner__strategy,params_preprocessor__numerical__scaler,state
0,2.8189654807664626,2021-07-25 17:23:35.948437,2021-07-25 17:23:37.778717,0 days 00:00:01.830280,RandomForest,,6.0,sqrt,2.0,3.0,191.0,,4,most_frequent,OneHotEncoding,mean,,COMPLETE
1,2.791950013032263,2021-07-25 17:23:35.951120,2021-07-25 17:23:38.343139,0 days 00:00:02.392019,LinearRegression,False,,,,,,True,13,most_frequent,OneHotEncoding,mean,StandardScaler,COMPLETE
2,2.8017775670245495,2021-07-25 17:23:35.953072,2021-07-25 17:23:38.362357,0 days 00:00:02.409285,LinearRegression,False,,,,,,True,4,most_frequent,OneHotEncoding,median,RobustScaler,COMPLETE
3,2.790519167318671,2021-07-25 17:23:35.955521,2021-07-25 17:23:38.029652,0 days 00:00:02.074131,RandomForest,,17.0,sqrt,6.0,7.0,166.0,,1,most_frequent,OneHotEncoding,median,,COMPLETE
4,2.8078090242085487,2021-07-25 17:23:35.957578,2021-07-25 17:23:37.753743,0 days 00:00:01.796165,LinearRegression,True,,,,,,False,13,most_frequent,OneHotEncoding,mean,StandardScaler,COMPLETE
5,2.821877873321756,2021-07-25 17:23:35.959729,2021-07-25 17:23:38.087100,0 days 00:00:02.127371,LinearRegression,True,,,,,,True,1,most_frequent,OneHotEncoding,mean,StandardScaler,COMPLETE
6,2.796674073112358,2021-07-25 17:23:35.961639,2021-07-25 17:23:38.262077,0 days 00:00:02.300438,RandomForest,,13.0,log2,4.0,6.0,201.0,,7,most_frequent,OneHotEncoding,mean,,COMPLETE
7,2.7976942122090445,2021-07-25 17:23:35.963720,2021-07-25 17:23:38.381785,0 days 00:00:02.418065,RandomForest,,15.0,log2,7.0,6.0,177.0,,4,most_frequent,OneHotEncoding,median,,COMPLETE
8,2.8718041976773043,2021-07-25 17:23:37.758601,2021-07-25 17:23:38.510747,0 days 00:00:00.752146,RandomForest,,18.0,log2,10.0,5.0,86.0,,7,most_frequent,OneHotEncoding,mean,,COMPLETE
9,13.2316205204982,2021-07-25 17:23:37.791104,2021-07-25 17:23:38.444179,0 days 00:00:00.653075,LinearRegression,False,,,,,,True,10,most_frequent,OneHotEncoding,median,RobustScaler,COMPLETE
10,2.615974309641623,2021-07-25 17:23:38.042241,2021-07-25 17:23:38.626446,0 days 00:00:00.584205,RandomForest,,17.0,log2,4.0,4.0,71.0,,13,most_frequent,OneHotEncoding,median,,COMPLETE
11,3.582853228251763,2021-07-25 17:23:38.091602,2021-07-25 17:23:38.529780,0 days 00:00:00.438178,LinearRegression,True,,,,,,True,10,most_frequent,OneHotEncoding,median,MinMaxScaler,COMPLETE
12,4.071579772872316,2021-07-25 17:23:38.264140,2021-07-25 17:23:38.825019,0 days 00:00:00.560879,RandomForest,,19.0,log2,5.0,10.0,145.0,,1,most_frequent,OneHotEncoding,median,,COMPLETE
13,3.466666228889835,2021-07-25 17:23:38.344599,2021-07-25 17:23:38.719263,0 days 00:00:00.374664,LinearRegression,True,,,,,,False,13,most_frequent,OneHotEncoding,mean,MinMaxScaler,COMPLETE
14,15.470396763003347,2021-07-25 17:23:38.383700,2021-07-25 17:23:38.760841,0 days 00:00:00.377141,LinearRegression,True,,,,,,True,13,most_frequent,OneHotEncoding,mean,RobustScaler,COMPLETE
15,15.470396763003347,2021-07-25 17:23:38.389899,2021-07-25 17:23:38.721414,0 days 00:00:00.331515,LinearRegression,False,,,,,,True,7,most_frequent,OneHotEncoding,median,RobustScaler,COMPLETE
16,2.68397941155913,2021-07-25 17:23:38.445414,2021-07-25 17:23:38.928308,0 days 00:00:00.482894,RandomForest,,6.0,sqrt,6.0,5.0,81.0,,10,most_frequent,OneHotEncoding,median,,COMPLETE
17,4.0033642076754745,2021-07-25 17:23:38.515572,2021-07-25 17:23:39.096081,0 days 00:00:00.580509,RandomForest,,20.0,auto,7.0,10.0,108.0,,1,most_frequent,OneHotEncoding,median,,COMPLETE
18,2.6107772755644025,2021-07-25 17:23:38.531076,2021-07-25 17:23:39.210413,0 days 00:00:00.679337,RandomForest,,20.0,auto,7.0,10.0,107.0,,13,most_frequent,OneHotEncoding,median,,COMPLETE
19,4.039501613419654,2021-07-25 17:23:38.627995,2021-07-25 17:23:39.334308,0 days 00:00:00.706313,RandomForest,,20.0,auto,6.0,10.0,105.0,,1,most_frequent,OneHotEncoding,median,,COMPLETE
20,4.031998119904342,2021-07-25 17:23:38.721002,2021-07-25 17:23:39.434501,0 days 00:00:00.713499,RandomForest,,20.0,auto,6.0,9.0,92.0,,1,most_frequent,OneHotEncoding,median,,COMPLETE
21,4.046890925803144,2021-07-25 17:23:38.742165,2021-07-25 17:23:39.498979,0 days 00:00:00.756814,RandomForest,,19.0,auto,6.0,9.0,89.0,,1,most_frequent,OneHotEncoding,median,,COMPLETE
22,4.047356143756367,2021-07-25 17:23:38.770732,2021-07-25 17:23:39.656891,0 days 00:00:00.886159,RandomForest,,20.0,auto,6.0,10.0,98.0,,1,most_frequent,OneHotEncoding,median,,COMPLETE
23,2.703930623589774,2021-07-25 17:23:38.827295,2021-07-25 17:23:39.703770,0 days 00:00:00.876475,RandomForest,,17.0,sqrt,7.0,9.0,54.0,,10,most_frequent,OneHotEncoding,median,,COMPLETE
24,2.6808824040269146,2021-07-25 17:23:38.935272,2021-07-25 17:23:39.797852,0 days 00:00:00.862580,RandomForest,,7.0,auto,8.0,2.0,61.0,,10,most_frequent,OneHotEncoding,median,,COMPLETE
25,2.528799780970406,2021-07-25 17:23:39.100515,2021-07-25 17:23:39.840971,0 days 00:00:00.740456,RandomForest,,7.0,sqrt,3.0,3.0,52.0,,10,most_frequent,OneHotEncoding,median,,COMPLETE
26,2.668776139134149,2021-07-25 17:23:39.215204,2021-07-25 17:23:40.066665,0 days 00:00:00.851461,RandomForest,,10.0,auto,9.0,2.0,123.0,,10,most_frequent,OneHotEncoding,median,,COMPLETE
27,2.679532421405695,2021-07-25 17:23:39.335607,2021-07-25 17:23:40.032312,0 days 00:00:00.696705,RandomForest,,9.0,auto,9.0,2.0,51.0,,10,most_frequent,OneHotEncoding,median,,COMPLETE
28,2.8033478830493967,2021-07-25 17:23:39.439431,2021-07-25 17:23:40.131955,0 days 00:00:00.692524,RandomForest,,7.0,sqrt,9.0,3.0,54.0,,10,most_frequent,OneHotEncoding,median,,COMPLETE
29,2.833918331551579,2021-07-25 17:23:39.500226,2021-07-25 17:23:40.253544,0 days 00:00:00.753318,RandomForest,,6.0,sqrt,9.0,3.0,60.0,,10,most_frequent,OneHotEncoding,median,,COMPLETE
30,2.90333193772776,2021-07-25 17:23:39.661387,2021-07-25 17:23:40.240061,0 days 00:00:00.578674,RandomForest,,6.0,sqrt,9.0,3.0,50.0,,10,most_frequent,OneHotEncoding,median,,COMPLETE
31,2.845781616528483,2021-07-25 17:23:39.705028,2021-07-25 17:23:40.337121,0 days 00:00:00.632093,RandomForest,,6.0,sqrt,9.0,3.0,51.0,,10,most_frequent,OneHotEncoding,median,,COMPLETE
32,2.697933025979961,2021-07-25 17:23:39.805090,2021-07-25 17:23:40.452366,0 days 00:00:00.647276,RandomForest,,10.0,auto,9.0,2.0,56.0,,10,most_frequent,OneHotEncoding,median,,COMPLETE
33,2.526438578552642,2021-07-25 17:23:39.842245,2021-07-25 17:23:40.640078,0 days 00:00:00.797833,RandomForest,,11.0,sqrt,3.0,3.0,131.0,,13,most_frequent,OneHotEncoding,median,,COMPLETE
34,2.5702562614061546,2021-07-25 17:23:40.033433,2021-07-25 17:23:40.799257,0 days 00:00:00.765824,RandomForest,,10.0,log2,3.0,4.0,133.0,,13,most_frequent,OneHotEncoding,median,,COMPLETE
35,2.5152744614327904,2021-07-25 17:23:40.068632,2021-07-25 17:23:41.084939,0 days 00:00:01.016307,RandomForest,,15.0,sqrt,3.0,4.0,235.0,,13,most_frequent,OneHotEncoding,median,,COMPLETE
36,2.542079601887268,2021-07-25 17:23:40.133243,2021-07-25 17:23:41.249241,0 days 00:00:01.115998,RandomForest,,15.0,log2,3.0,4.0,131.0,,13,most_frequent,OneHotEncoding,median,,COMPLETE
37,2.5534264580013657,2021-07-25 17:23:40.244607,2021-07-25 17:23:41.690130,0 days 00:00:01.445523,RandomForest,,10.0,log2,3.0,4.0,233.0,,13,most_frequent,OneHotEncoding,median,,COMPLETE
38,2.5569405366815317,2021-07-25 17:23:40.254774,2021-07-25 17:23:41.330978,0 days 00:00:01.076204,RandomForest,,10.0,log2,3.0,4.0,133.0,,13,most_frequent,OneHotEncoding,median,,COMPLETE
39,2.584951847380367,2021-07-25 17:23:40.339280,2021-07-25 17:23:41.791001,0 days 00:00:01.451721,RandomForest,,12.0,log2,3.0,4.0,127.0,,13,most_frequent,OneHotEncoding,median,,COMPLETE
40,2.5242852919040217,2021-07-25 17:23:40.454393,2021-07-25 17:23:41.952894,0 days 00:00:01.498501,RandomForest,,10.0,log2,3.0,4.0,126.0,,13,most_frequent,OneHotEncoding,median,,COMPLETE
41,2.5310506318117802,2021-07-25 17:23:40.642261,2021-07-25 17:23:42.299003,0 days 00:00:01.656742,RandomForest,,13.0,log2,3.0,4.0,243.0,,13,most_frequent,OneHotEncoding,median,,COMPLETE
42,2.4157156090881817,2021-07-25 17:23:40.800700,2021-07-25 17:23:42.446351,0 days 00:00:01.645651,RandomForest,,12.0,sqrt,2.0,4.0,131.0,,13,most_frequent,OneHotEncoding,median,,COMPLETE
43,2.4238572329933703,2021-07-25 17:23:41.086344,2021-07-25 17:23:42.775352,0 days 00:00:01.689008,RandomForest,,12.0,sqrt,2.0,4.0,237.0,,13,most_frequent,OneHotEncoding,median,,COMPLETE
44,2.434094614635983,2021-07-25 17:23:41.254744,2021-07-25 17:23:43.119834,0 days 00:00:01.865090,RandomForest,,14.0,sqrt,2.0,4.0,241.0,,13,most_frequent,OneHotEncoding,median,,COMPLETE
45,2.4545140002811268,2021-07-25 17:23:41.341427,2021-07-25 17:23:43.361876,0 days 00:00:02.020449,RandomForest,,14.0,sqrt,2.0,5.0,244.0,,13,most_frequent,OneHotEncoding,median,,COMPLETE
46,2.4415423738797233,2021-07-25 17:23:41.691610,2021-07-25 17:23:43.676159,0 days 00:00:01.984549,RandomForest,,14.0,sqrt,2.0,5.0,248.0,,13,most_frequent,OneHotEncoding,median,,COMPLETE
47,2.4295534592241608,2021-07-25 17:23:41.792502,2021-07-25 17:23:44.010033,0 days 00:00:02.217531,RandomForest,,14.0,sqrt,2.0,5.0,220.0,,13,most_frequent,OneHotEncoding,median,,COMPLETE
48,2.507612903752112,2021-07-25 17:23:41.958079,2021-07-25 17:23:43.964991,0 days 00:00:02.006912,RandomForest,,14.0,sqrt,2.0,5.0,146.0,,13,most_frequent,OneHotEncoding,median,,COMPLETE
49,2.4420352272546437,2021-07-25 17:23:42.304083,2021-07-25 17:23:44.372954,0 days 00:00:02.068871,RandomForest,,12.0,sqrt,2.0,5.0,239.0,,13,most_frequent,OneHotEncoding,median,,COMPLETE
50,2.4821295922198643,2021-07-25 17:23:42.456048,2021-07-25 17:23:44.577121,0 days 00:00:02.121073,RandomForest,,12.0,sqrt,2.0,5.0,158.0,,13,most_frequent,OneHotEncoding,median,,COMPLETE
51,2.4576100183737255,2021-07-25 17:23:42.776824,2021-07-25 17:23:44.798688,0 days 00:00:02.021864,RandomForest,,12.0,sqrt,2.0,5.0,217.0,,13,most_frequent,OneHotEncoding,median,,COMPLETE
52,2.4563853239768285,2021-07-25 17:23:43.121283,2021-07-25 17:23:45.170470,0 days 00:00:02.049187,RandomForest,,15.0,sqrt,2.0,5.0,218.0,,13,most_frequent,OneHotEncoding,mean,,COMPLETE
53,2.437503073267451,2021-07-25 17:23:43.367651,2021-07-25 17:23:45.373051,0 days 00:00:02.005400,RandomForest,,15.0,sqrt,2.0,5.0,215.0,,13,most_frequent,OneHotEncoding,mean,,COMPLETE
54,2.470292301344537,2021-07-25 17:23:43.682393,2021-07-25 17:23:45.578252,0 days 00:00:01.895859,RandomForest,,12.0,sqrt,2.0,5.0,215.0,,13,most_frequent,OneHotEncoding,mean,,COMPLETE
55,2.456903641311901,2021-07-25 17:23:43.973170,2021-07-25 17:23:45.926156,0 days 00:00:01.952986,RandomForest,,14.0,sqrt,2.0,6.0,211.0,,13,most_frequent,OneHotEncoding,mean,,COMPLETE
56,5.889975705955224,2021-07-25 17:23:44.011491,2021-07-25 17:23:45.283958,0 days 00:00:01.272467,LinearRegression,False,,,,,,False,4,most_frequent,OneHotEncoding,mean,MinMaxScaler,COMPLETE
57,5.889975705955224,2021-07-25 17:23:44.378050,2021-07-25 17:23:45.659615,0 days 00:00:01.281565,LinearRegression,False,,,,,,False,4,most_frequent,OneHotEncoding,mean,MinMaxScaler,COMPLETE
58,2.4693550112464573,2021-07-25 17:23:44.582146,2021-07-25 17:23:46.201562,0 days 00:00:01.619416,RandomForest,,14.0,sqrt,2.0,6.0,215.0,,13,most_frequent,OneHotEncoding,mean,,COMPLETE
59,2.4871503653883975,2021-07-25 17:23:44.800176,2021-07-25 17:23:46.478609,0 days 00:00:01.678433,RandomForest,,14.0,sqrt,2.0,6.0,215.0,,13,most_frequent,OneHotEncoding,mean,,COMPLETE
60,4.172474417872905,2021-07-25 17:23:45.175519,2021-07-25 17:23:46.186490,0 days 00:00:01.010971,LinearRegression,False,,,,,,False,13,most_frequent,OneHotEncoding,mean,MinMaxScaler,COMPLETE
61,2.4647488199752914,2021-07-25 17:23:45.285451,2021-07-25 17:23:46.622126,0 days 00:00:01.336675,RandomForest,,14.0,sqrt,2.0,6.0,185.0,,13,most_frequent,OneHotEncoding,median,,COMPLETE
62,2.6008304500896573,2021-07-25 17:23:45.374494,2021-07-25 17:23:46.894970,0 days 00:00:01.520476,RandomForest,,16.0,sqrt,4.0,6.0,184.0,,13,most_frequent,OneHotEncoding,mean,,COMPLETE
63,2.626706947567876,2021-07-25 17:23:45.579758,2021-07-25 17:23:47.217131,0 days 00:00:01.637373,RandomForest,,16.0,sqrt,4.0,6.0,183.0,,13,most_frequent,OneHotEncoding,mean,,COMPLETE
64,2.59111552365253,2021-07-25 17:23:45.665834,2021-07-25 17:23:47.338358,0 days 00:00:01.672524,RandomForest,,16.0,sqrt,4.0,6.0,195.0,,13,most_frequent,OneHotEncoding,mean,,COMPLETE
65,2.6111755987469727,2021-07-25 17:23:45.937445,2021-07-25 17:23:47.599125,0 days 00:00:01.661680,RandomForest,,16.0,sqrt,4.0,7.0,182.0,,13,most_frequent,OneHotEncoding,mean,,COMPLETE
66,2.5987185114158344,2021-07-25 17:23:46.191586,2021-07-25 17:23:47.726448,0 days 00:00:01.534862,RandomForest,,13.0,sqrt,4.0,7.0,183.0,,13,most_frequent,OneHotEncoding,mean,,COMPLETE
67,2.6225815584814898,2021-07-25 17:23:46.203016,2021-07-25 17:23:48.042752,0 days 00:00:01.839736,RandomForest,,16.0,sqrt,4.0,7.0,185.0,,13,most_frequent,OneHotEncoding,mean,,COMPLETE
68,2.6037274032615882,2021-07-25 17:23:46.483986,2021-07-25 17:23:48.191778,0 days 00:00:01.707792,RandomForest,,16.0,sqrt,4.0,6.0,177.0,,13,most_frequent,OneHotEncoding,median,,COMPLETE
69,2.613353885149718,2021-07-25 17:23:46.624039,2021-07-25 17:23:48.510686,0 days 00:00:01.886647,RandomForest,,13.0,sqrt,4.0,7.0,228.0,,13,most_frequent,OneHotEncoding,median,,COMPLETE
70,2.59480347758378,2021-07-25 17:23:46.896392,2021-07-25 17:23:48.739788,0 days 00:00:01.843396,RandomForest,,13.0,sqrt,4.0,5.0,229.0,,13,most_frequent,OneHotEncoding,median,,COMPLETE
71,2.5058114013705657,2021-07-25 17:23:47.222057,2021-07-25 17:23:49.009554,0 days 00:00:01.787497,RandomForest,,13.0,sqrt,2.0,7.0,230.0,,13,most_frequent,OneHotEncoding,median,,COMPLETE
72,2.4936497884151274,2021-07-25 17:23:47.343519,2021-07-25 17:23:49.404439,0 days 00:00:02.060920,RandomForest,,13.0,sqrt,2.0,7.0,250.0,,13,most_frequent,OneHotEncoding,median,,COMPLETE
73,2.442332542000746,2021-07-25 17:23:47.609601,2021-07-25 17:23:49.625968,0 days 00:00:02.016367,RandomForest,,13.0,sqrt,2.0,5.0,229.0,,13,most_frequent,OneHotEncoding,median,,COMPLETE
74,2.378093314964385,2021-07-25 17:23:47.737370,2021-07-25 17:23:49.901340,0 days 00:00:02.163970,RandomForest,,11.0,sqrt,2.0,5.0,227.0,,10,most_frequent,OneHotEncoding,median,,COMPLETE
75,2.4326951831614587,2021-07-25 17:23:48.044230,2021-07-25 17:23:50.233154,0 days 00:00:02.188924,RandomForest,,13.0,sqrt,2.0,5.0,250.0,,10,most_frequent,OneHotEncoding,median,,COMPLETE
76,2.613727362981989,2021-07-25 17:23:48.196934,2021-07-25 17:23:50.397580,0 days 00:00:02.200646,RandomForest,,13.0,sqrt,5.0,5.0,228.0,,10,most_frequent,OneHotEncoding,median,,COMPLETE
77,2.389582471258007,2021-07-25 17:23:48.515927,2021-07-25 17:23:50.743989,0 days 00:00:02.228062,RandomForest,,11.0,sqrt,2.0,5.0,250.0,,10,most_frequent,OneHotEncoding,median,,COMPLETE
78,2.4265699579017985,2021-07-25 17:23:48.746314,2021-07-25 17:23:51.037390,0 days 00:00:02.291076,RandomForest,,11.0,sqrt,2.0,5.0,250.0,,13,most_frequent,OneHotEncoding,median,,COMPLETE
79,2.3931620740416406,2021-07-25 17:23:49.020283,2021-07-25 17:23:51.315635,0 days 00:00:02.295352,RandomForest,,11.0,sqrt,2.0,5.0,250.0,,10,most_frequent,OneHotEncoding,median,,COMPLETE
80,2.4022068854145786,2021-07-25 17:23:49.405886,2021-07-25 17:23:51.671983,0 days 00:00:02.266097,RandomForest,,14.0,sqrt,2.0,5.0,250.0,,10,most_frequent,OneHotEncoding,median,,COMPLETE
81,2.403056849802331,2021-07-25 17:23:49.631007,2021-07-25 17:23:51.984029,0 days 00:00:02.353022,RandomForest,,11.0,sqrt,2.0,5.0,250.0,,10,most_frequent,OneHotEncoding,median,,COMPLETE
82,2.3997752703943185,2021-07-25 17:23:49.902694,2021-07-25 17:23:52.190659,0 days 00:00:02.287965,RandomForest,,12.0,sqrt,2.0,5.0,249.0,,7,most_frequent,OneHotEncoding,median,,COMPLETE
83,2.390310621330255,2021-07-25 17:23:50.234621,2021-07-25 17:23:52.518928,0 days 00:00:02.284307,RandomForest,,11.0,sqrt,2.0,4.0,247.0,,7,most_frequent,OneHotEncoding,median,,COMPLETE
84,2.386736487194045,2021-07-25 17:23:50.402567,2021-07-25 17:23:52.759270,0 days 00:00:02.356703,RandomForest,,11.0,sqrt,2.0,4.0,249.0,,7,most_frequent,OneHotEncoding,median,,COMPLETE
85,2.444246476430288,2021-07-25 17:23:50.752059,2021-07-25 17:23:52.996584,0 days 00:00:02.244525,RandomForest,,11.0,sqrt,3.0,4.0,205.0,,7,most_frequent,OneHotEncoding,median,,COMPLETE
86,2.462270194640667,2021-07-25 17:23:51.042366,2021-07-25 17:23:53.295597,0 days 00:00:02.253231,RandomForest,,11.0,sqrt,3.0,4.0,249.0,,7,most_frequent,OneHotEncoding,median,,COMPLETE
87,2.4781873244732626,2021-07-25 17:23:51.317077,2021-07-25 17:23:53.669462,0 days 00:00:02.352385,RandomForest,,11.0,sqrt,3.0,4.0,250.0,,7,most_frequent,OneHotEncoding,median,,COMPLETE
88,2.4901106334668834,2021-07-25 17:23:51.673431,2021-07-25 17:23:53.607530,0 days 00:00:01.934099,RandomForest,,11.0,sqrt,3.0,4.0,114.0,,7,most_frequent,OneHotEncoding,median,,COMPLETE
89,2.4389863663039844,2021-07-25 17:23:51.985426,2021-07-25 17:23:53.986346,0 days 00:00:02.000920,RandomForest,,11.0,sqrt,3.0,4.0,249.0,,7,most_frequent,OneHotEncoding,median,,COMPLETE
90,2.4966083055384862,2021-07-25 17:23:52.195840,2021-07-25 17:23:54.041952,0 days 00:00:01.846112,RandomForest,,11.0,sqrt,3.0,4.0,114.0,,7,most_frequent,OneHotEncoding,median,,COMPLETE
91,2.4605427086462015,2021-07-25 17:23:52.523985,2021-07-25 17:23:54.407675,0 days 00:00:01.883690,RandomForest,,11.0,sqrt,3.0,4.0,237.0,,7,most_frequent,OneHotEncoding,median,,COMPLETE
92,2.469582614155917,2021-07-25 17:23:52.769976,2021-07-25 17:23:54.729017,0 days 00:00:01.959041,RandomForest,,11.0,sqrt,3.0,4.0,245.0,,7,most_frequent,OneHotEncoding,median,,COMPLETE
93,2.467517663730076,2021-07-25 17:23:53.020808,2021-07-25 17:23:54.892370,0 days 00:00:01.871562,RandomForest,,9.0,sqrt,3.0,4.0,245.0,,7,most_frequent,OneHotEncoding,median,,COMPLETE
94,2.485346936079652,2021-07-25 17:23:53.296926,2021-07-25 17:23:55.049886,0 days 00:00:01.752960,RandomForest,,9.0,sqrt,3.0,3.0,119.0,,7,most_frequent,OneHotEncoding,median,,COMPLETE
95,2.4809007208591494,2021-07-25 17:23:53.612580,2021-07-25 17:23:55.356078,0 days 00:00:01.743498,RandomForest,,9.0,sqrt,3.0,3.0,245.0,,7,most_frequent,OneHotEncoding,median,,COMPLETE
96,2.4663066298062803,2021-07-25 17:23:53.676777,2021-07-25 17:23:55.698071,0 days 00:00:02.021294,RandomForest,,9.0,sqrt,3.0,3.0,244.0,,7,most_frequent,OneHotEncoding,median,,COMPLETE
97,2.627303749638521,2021-07-25 17:23:53.998020,2021-07-25 17:23:55.927483,0 days 00:00:01.929463,RandomForest,,9.0,sqrt,2.0,3.0,243.0,,4,most_frequent,OneHotEncoding,median,,COMPLETE
98,2.628099642950182,2021-07-25 17:23:54.056906,2021-07-25 17:23:56.211875,0 days 00:00:02.154969,RandomForest,,9.0,sqrt,2.0,3.0,237.0,,4,most_frequent,OneHotEncoding,median,,COMPLETE
99,2.4031030126096735,2021-07-25 17:23:54.409173,2021-07-25 17:23:56.589144,0 days 00:00:02.179971,RandomForest,,12.0,sqrt,2.0,3.0,244.0,,10,most_frequent,OneHotEncoding,median,,COMPLETE
100,2.401190804559761,2021-07-25 17:23:54.734121,2021-07-25 17:23:56.771665,0 days 00:00:02.037544,RandomForest,,9.0,sqrt,2.0,3.0,239.0,,10,most_frequent,OneHotEncoding,median,,COMPLETE
101,2.414126024046749,2021-07-25 17:23:54.897477,2021-07-25 17:23:57.098690,0 days 00:00:02.201213,RandomForest,,9.0,sqrt,2.0,3.0,238.0,,10,most_frequent,OneHotEncoding,median,,COMPLETE
102,2.3870207299168906,2021-07-25 17:23:55.051386,2021-07-25 17:23:57.346482,0 days 00:00:02.295096,RandomForest,,12.0,sqrt,2.0,3.0,238.0,,10,most_frequent,OneHotEncoding,median,,COMPLETE
103,2.406791006921486,2021-07-25 17:23:55.357638,2021-07-25 17:23:57.680209,0 days 00:00:02.322571,RandomForest,,12.0,sqrt,2.0,5.0,236.0,,10,most_frequent,OneHotEncoding,median,,COMPLETE
104,2.3843243643092307,2021-07-25 17:23:55.699572,2021-07-25 17:23:57.993514,0 days 00:00:02.293942,RandomForest,,12.0,sqrt,2.0,5.0,237.0,,10,most_frequent,OneHotEncoding,median,,COMPLETE
105,2.4863435750646588,2021-07-25 17:23:55.935444,2021-07-25 17:23:58.289736,0 days 00:00:02.354292,RandomForest,,12.0,auto,2.0,5.0,236.0,,10,most_frequent,OneHotEncoding,median,,COMPLETE
106,3.582853228251763,2021-07-25 17:23:56.217989,2021-07-25 17:23:57.911113,0 days 00:00:01.693124,LinearRegression,True,,,,,,False,10,most_frequent,OneHotEncoding,median,StandardScaler,COMPLETE
107,3.582853228251763,2021-07-25 17:23:56.597714,2021-07-25 17:23:58.042705,0 days 00:00:01.444991,LinearRegression,True,,,,,,False,10,most_frequent,OneHotEncoding,median,StandardScaler,COMPLETE
108,2.4867363622032865,2021-07-25 17:23:56.776844,2021-07-25 17:23:58.757683,0 days 00:00:01.980839,RandomForest,,10.0,auto,2.0,2.0,233.0,,10,most_frequent,OneHotEncoding,median,,COMPLETE
109,2.4934159381984924,2021-07-25 17:23:57.103790,2021-07-25 17:23:59.153326,0 days 00:00:02.049536,RandomForest,,8.0,auto,2.0,3.0,224.0,,10,most_frequent,OneHotEncoding,median,,COMPLETE
110,2.407972255693538,2021-07-25 17:23:57.351721,2021-07-25 17:23:59.316237,0 days 00:00:01.964516,RandomForest,,10.0,sqrt,2.0,2.0,223.0,,10,most_frequent,OneHotEncoding,median,,COMPLETE
111,2.5058785965676633,2021-07-25 17:23:57.688137,2021-07-25 17:23:59.726803,0 days 00:00:02.038666,RandomForest,,8.0,auto,2.0,2.0,223.0,,10,most_frequent,OneHotEncoding,median,,COMPLETE
112,2.4917151116919825,2021-07-25 17:23:57.913303,2021-07-25 17:24:00.226399,0 days 00:00:02.313096,RandomForest,,8.0,auto,2.0,2.0,222.0,,10,most_frequent,OneHotEncoding,median,,COMPLETE
113,2.4795592138720854,2021-07-25 17:23:58.003852,2021-07-25 17:24:00.315054,0 days 00:00:02.311202,RandomForest,,10.0,auto,2.0,2.0,225.0,,10,most_frequent,OneHotEncoding,median,,COMPLETE
114,2.505252432814346,2021-07-25 17:23:58.047728,2021-07-25 17:24:00.829379,0 days 00:00:02.781651,RandomForest,,8.0,auto,2.0,2.0,233.0,,10,most_frequent,OneHotEncoding,median,,COMPLETE
115,2.4050270865058834,2021-07-25 17:23:58.294621,2021-07-25 17:24:01.172148,0 days 00:00:02.877527,RandomForest,,10.0,sqrt,2.0,2.0,232.0,,10,most_frequent,OneHotEncoding,median,,COMPLETE
116,2.4361708414967866,2021-07-25 17:23:58.762657,2021-07-25 17:24:01.215070,0 days 00:00:02.452413,RandomForest,,8.0,sqrt,2.0,5.0,224.0,,10,most_frequent,OneHotEncoding,median,,COMPLETE
117,2.3885784450658627,2021-07-25 17:23:59.155248,2021-07-25 17:24:01.609231,0 days 00:00:02.453983,RandomForest,,10.0,sqrt,2.0,5.0,223.0,,10,most_frequent,OneHotEncoding,median,,COMPLETE
118,2.3915522232979414,2021-07-25 17:23:59.317688,2021-07-25 17:24:01.748063,0 days 00:00:02.430375,RandomForest,,12.0,sqrt,2.0,5.0,240.0,,10,most_frequent,OneHotEncoding,median,,COMPLETE
119,2.6056342370071075,2021-07-25 17:23:59.729142,2021-07-25 17:24:02.085810,0 days 00:00:02.356668,RandomForest,,5.0,sqrt,2.0,5.0,241.0,,10,most_frequent,OneHotEncoding,median,,COMPLETE
120,2.4167838758706535,2021-07-25 17:24:00.227917,2021-07-25 17:24:02.528136,0 days 00:00:02.300219,RandomForest,,12.0,sqrt,2.0,5.0,240.0,,10,most_frequent,OneHotEncoding,median,,COMPLETE
121,2.4282117020227787,2021-07-25 17:24:00.332628,2021-07-25 17:24:02.663827,0 days 00:00:02.331199,RandomForest,,12.0,sqrt,2.0,5.0,241.0,,10,most_frequent,OneHotEncoding,median,,COMPLETE
122,2.4161376911174615,2021-07-25 17:24:00.830911,2021-07-25 17:24:02.996071,0 days 00:00:02.165160,RandomForest,,12.0,sqrt,2.0,5.0,240.0,,10,most_frequent,OneHotEncoding,median,,COMPLETE
123,2.8569740647580573,2021-07-25 17:24:01.177327,2021-07-25 17:24:03.331126,0 days 00:00:02.153799,RandomForest,,12.0,sqrt,10.0,5.0,241.0,,10,most_frequent,OneHotEncoding,median,,COMPLETE
124,2.4062156270463384,2021-07-25 17:24:01.224416,2021-07-25 17:24:03.585237,0 days 00:00:02.360821,RandomForest,,12.0,sqrt,2.0,5.0,241.0,,10,most_frequent,OneHotEncoding,median,,COMPLETE
125,2.417493251177036,2021-07-25 17:24:01.610729,2021-07-25 17:24:03.904488,0 days 00:00:02.293759,RandomForest,,12.0,sqrt,2.0,5.0,241.0,,10,most_frequent,OneHotEncoding,median,,COMPLETE
126,2.381293022096998,2021-07-25 17:24:01.749585,2021-07-25 17:24:04.066060,0 days 00:00:02.316475,RandomForest,,12.0,sqrt,2.0,5.0,239.0,,10,most_frequent,OneHotEncoding,median,,COMPLETE
127,2.870101131789293,2021-07-25 17:24:02.087261,2021-07-25 17:24:04.358228,0 days 00:00:02.270967,RandomForest,,12.0,sqrt,10.0,5.0,241.0,,10,most_frequent,OneHotEncoding,median,,COMPLETE
128,2.415693815534843,2021-07-25 17:24:02.533155,2021-07-25 17:24:04.755082,0 days 00:00:02.221927,RandomForest,,11.0,sqrt,2.0,5.0,247.0,,10,most_frequent,OneHotEncoding,median,,COMPLETE
129,2.38314537526709,2021-07-25 17:24:02.674515,2021-07-25 17:24:04.995864,0 days 00:00:02.321349,RandomForest,,11.0,sqrt,2.0,5.0,247.0,,10,most_frequent,OneHotEncoding,median,,COMPLETE
130,2.419568948786643,2021-07-25 17:24:02.997618,2021-07-25 17:24:05.297062,0 days 00:00:02.299444,RandomForest,,11.0,sqrt,2.0,6.0,247.0,,10,most_frequent,OneHotEncoding,median,,COMPLETE
131,2.4525952783920983,2021-07-25 17:24:03.336120,2021-07-25 17:24:05.556607,0 days 00:00:02.220487,RandomForest,,11.0,sqrt,2.0,6.0,246.0,,10,most_frequent,OneHotEncoding,median,,COMPLETE
132,2.410726584944769,2021-07-25 17:24:03.590408,2021-07-25 17:24:05.896809,0 days 00:00:02.306401,RandomForest,,11.0,sqrt,2.0,6.0,247.0,,10,most_frequent,OneHotEncoding,median,,COMPLETE
133,2.7722857883928405,2021-07-25 17:24:03.905922,2021-07-25 17:24:06.168232,0 days 00:00:02.262310,RandomForest,,11.0,sqrt,8.0,6.0,247.0,,10,most_frequent,OneHotEncoding,median,,COMPLETE
134,2.4228906661454985,2021-07-25 17:24:04.071148,2021-07-25 17:24:06.428656,0 days 00:00:02.357508,RandomForest,,11.0,sqrt,2.0,6.0,247.0,,10,most_frequent,OneHotEncoding,median,,COMPLETE
135,2.4255285992381603,2021-07-25 17:24:04.363480,2021-07-25 17:24:06.720942,0 days 00:00:02.357462,RandomForest,,10.0,sqrt,2.0,6.0,246.0,,10,most_frequent,OneHotEncoding,median,,COMPLETE
136,2.4296931248998788,2021-07-25 17:24:04.760303,2021-07-25 17:24:06.948341,0 days 00:00:02.188038,RandomForest,,10.0,sqrt,2.0,6.0,208.0,,10,most_frequent,OneHotEncoding,median,,COMPLETE
137,2.4379631182739465,2021-07-25 17:24:05.001082,2021-07-25 17:24:07.224007,0 days 00:00:02.222925,RandomForest,,10.0,sqrt,2.0,6.0,234.0,,10,most_frequent,OneHotEncoding,median,,COMPLETE
138,2.423569394673764,2021-07-25 17:24:05.302181,2021-07-25 17:24:07.566214,0 days 00:00:02.264033,RandomForest,,10.0,sqrt,2.0,6.0,233.0,,10,most_frequent,OneHotEncoding,median,,COMPLETE
139,2.3904937128009807,2021-07-25 17:24:05.558092,2021-07-25 17:24:07.856464,0 days 00:00:02.298372,RandomForest,,10.0,sqrt,2.0,6.0,233.0,,10,most_frequent,OneHotEncoding,median,,COMPLETE
140,2.41518777165313,2021-07-25 17:24:05.898427,2021-07-25 17:24:08.112539,0 days 00:00:02.214112,RandomForest,,10.0,sqrt,2.0,5.0,234.0,,10,most_frequent,OneHotEncoding,median,,COMPLETE
141,2.408084733622758,2021-07-25 17:24:06.173425,2021-07-25 17:24:08.321225,0 days 00:00:02.147800,RandomForest,,10.0,sqrt,2.0,5.0,209.0,,10,most_frequent,OneHotEncoding,median,,COMPLETE
142,2.416934636366669,2021-07-25 17:24:06.433854,2021-07-25 17:24:08.582386,0 days 00:00:02.148532,RandomForest,,10.0,sqrt,2.0,5.0,233.0,,10,most_frequent,OneHotEncoding,median,,COMPLETE
143,2.4048229124961784,2021-07-25 17:24:06.725888,2021-07-25 17:24:08.961663,0 days 00:00:02.235775,RandomForest,,10.0,sqrt,2.0,5.0,233.0,,10,most_frequent,OneHotEncoding,median,,COMPLETE
144,2.4074949580749183,2021-07-25 17:24:06.949878,2021-07-25 17:24:09.140736,0 days 00:00:02.190858,RandomForest,,13.0,log2,2.0,5.0,235.0,,7,most_frequent,OneHotEncoding,median,,COMPLETE
145,2.40550852503311,2021-07-25 17:24:07.225528,2021-07-25 17:24:09.494647,0 days 00:00:02.269119,RandomForest,,13.0,log2,2.0,5.0,228.0,,7,most_frequent,OneHotEncoding,median,,COMPLETE
146,2.4050226630328533,2021-07-25 17:24:07.567767,2021-07-25 17:24:09.778988,0 days 00:00:02.211221,RandomForest,,13.0,log2,2.0,5.0,230.0,,7,most_frequent,OneHotEncoding,median,,COMPLETE
147,2.472087863452533,2021-07-25 17:24:07.858020,2021-07-25 17:24:09.958771,0 days 00:00:02.100751,RandomForest,,11.0,log2,3.0,5.0,227.0,,7,most_frequent,OneHotEncoding,median,,COMPLETE
148,2.4072296490526197,2021-07-25 17:24:08.117733,2021-07-25 17:24:10.310404,0 days 00:00:02.192671,RandomForest,,11.0,sqrt,2.0,5.0,227.0,,7,most_frequent,OneHotEncoding,median,,COMPLETE
149,2.4213026493737124,2021-07-25 17:24:08.322702,2021-07-25 17:24:10.433455,0 days 00:00:02.110753,RandomForest,,11.0,log2,2.0,5.0,230.0,,7,most_frequent,OneHotEncoding,median,,COMPLETE
150,2.414806749833731,2021-07-25 17:24:08.583881,2021-07-25 17:24:10.819387,0 days 00:00:02.235506,RandomForest,,11.0,log2,2.0,5.0,229.0,,7,most_frequent,OneHotEncoding,median,,COMPLETE
151,2.399013970814825,2021-07-25 17:24:08.966737,2021-07-25 17:24:11.240482,0 days 00:00:02.273745,RandomForest,,11.0,sqrt,2.0,5.0,228.0,,7,most_frequent,OneHotEncoding,median,,COMPLETE
152,2.4581160302782847,2021-07-25 17:24:09.142344,2021-07-25 17:24:11.380788,0 days 00:00:02.238444,RandomForest,,11.0,sqrt,3.0,4.0,229.0,,10,most_frequent,OneHotEncoding,median,,COMPLETE
153,2.4580636224474786,2021-07-25 17:24:09.499875,2021-07-25 17:24:11.722528,0 days 00:00:02.222653,RandomForest,,11.0,sqrt,3.0,4.0,228.0,,10,most_frequent,OneHotEncoding,median,,COMPLETE
154,2.470099482170499,2021-07-25 17:24:09.785809,2021-07-25 17:24:12.046214,0 days 00:00:02.260405,RandomForest,,11.0,sqrt,3.0,4.0,227.0,,10,most_frequent,OneHotEncoding,median,,COMPLETE
155,2.3929447603705967,2021-07-25 17:24:09.963771,2021-07-25 17:24:12.176387,0 days 00:00:02.212616,RandomForest,,12.0,sqrt,2.0,4.0,219.0,,10,most_frequent,OneHotEncoding,median,,COMPLETE
156,2.4751624378980654,2021-07-25 17:24:10.312922,2021-07-25 17:24:12.648005,0 days 00:00:02.335083,RandomForest,,12.0,sqrt,3.0,4.0,250.0,,10,most_frequent,OneHotEncoding,median,,COMPLETE
157,2.4694761467754036,2021-07-25 17:24:10.434997,2021-07-25 17:24:12.852505,0 days 00:00:02.417508,RandomForest,,12.0,sqrt,3.0,4.0,250.0,,10,most_frequent,OneHotEncoding,median,,COMPLETE
158,2.4015965402383315,2021-07-25 17:24:10.820941,2021-07-25 17:24:13.110789,0 days 00:00:02.289848,RandomForest,,12.0,sqrt,2.0,4.0,166.0,,10,most_frequent,OneHotEncoding,median,,COMPLETE
159,2.4348547865668184,2021-07-25 17:24:11.242080,2021-07-25 17:24:13.065324,0 days 00:00:01.823244,RandomForest,,12.0,sqrt,2.0,4.0,74.0,,10,most_frequent,OneHotEncoding,median,,COMPLETE
160,2.3732266726483875,2021-07-25 17:24:11.386126,2021-07-25 17:24:13.514109,0 days 00:00:02.127983,RandomForest,,12.0,sqrt,2.0,4.0,219.0,,10,most_frequent,OneHotEncoding,median,,COMPLETE
161,2.3941354123092866,2021-07-25 17:24:11.724033,2021-07-25 17:24:14.120173,0 days 00:00:02.396140,RandomForest,,12.0,sqrt,2.0,4.0,250.0,,10,most_frequent,OneHotEncoding,median,,COMPLETE
162,2.416262825778301,2021-07-25 17:24:12.051611,2021-07-25 17:24:14.346512,0 days 00:00:02.294901,RandomForest,,12.0,sqrt,2.0,5.0,219.0,,10,most_frequent,OneHotEncoding,median,,COMPLETE
163,2.3752579207600837,2021-07-25 17:24:12.181726,2021-07-25 17:24:14.636726,0 days 00:00:02.455000,RandomForest,,12.0,sqrt,2.0,4.0,219.0,,10,most_frequent,OneHotEncoding,median,,COMPLETE
164,2.397308059165051,2021-07-25 17:24:12.649668,2021-07-25 17:24:14.991822,0 days 00:00:02.342154,RandomForest,,12.0,sqrt,2.0,4.0,238.0,,10,most_frequent,OneHotEncoding,median,,COMPLETE
165,2.408098679845659,2021-07-25 17:24:12.857959,2021-07-25 17:24:15.205605,0 days 00:00:02.347646,RandomForest,,12.0,sqrt,2.0,3.0,221.0,,10,most_frequent,OneHotEncoding,median,,COMPLETE
166,2.3694204974290267,2021-07-25 17:24:13.070789,2021-07-25 17:24:15.521753,0 days 00:00:02.450964,RandomForest,,12.0,sqrt,2.0,3.0,238.0,,7,most_frequent,OneHotEncoding,median,,COMPLETE
167,3.6811478389291663,2021-07-25 17:24:13.113043,2021-07-25 17:24:14.952867,0 days 00:00:01.839824,LinearRegression,True,,,,,,True,7,most_frequent,OneHotEncoding,median,RobustScaler,COMPLETE
168,2.3903278290249226,2021-07-25 17:24:13.524117,2021-07-25 17:24:15.798817,0 days 00:00:02.274700,RandomForest,,12.0,sqrt,2.0,3.0,219.0,,10,most_frequent,OneHotEncoding,median,,COMPLETE
169,2.392035539698809,2021-07-25 17:24:14.121176,2021-07-25 17:24:16.006564,0 days 00:00:01.885388,RandomForest,,12.0,sqrt,2.0,4.0,221.0,,10,most_frequent,OneHotEncoding,median,,COMPLETE
170,2.3780745170637183,2021-07-25 17:24:14.348122,2021-07-25 17:24:16.352952,0 days 00:00:02.004830,RandomForest,,12.0,sqrt,2.0,4.0,211.0,,10,most_frequent,OneHotEncoding,median,,COMPLETE
171,2.3889194457595586,2021-07-25 17:24:14.638307,2021-07-25 17:24:16.647260,0 days 00:00:02.008953,RandomForest,,12.0,sqrt,2.0,4.0,219.0,,10,most_frequent,OneHotEncoding,median,,COMPLETE
172,2.393567357225452,2021-07-25 17:24:14.954392,2021-07-25 17:24:16.800195,0 days 00:00:01.845803,RandomForest,,12.0,sqrt,2.0,4.0,219.0,,10,most_frequent,OneHotEncoding,median,,COMPLETE
173,2.391602148812139,2021-07-25 17:24:14.994081,2021-07-25 17:24:17.155638,0 days 00:00:02.161557,RandomForest,,12.0,sqrt,2.0,4.0,213.0,,10,most_frequent,OneHotEncoding,median,,COMPLETE
174,2.370428594173498,2021-07-25 17:24:15.210755,2021-07-25 17:24:17.304465,0 days 00:00:02.093710,RandomForest,,13.0,sqrt,2.0,4.0,212.0,,10,most_frequent,OneHotEncoding,median,,COMPLETE
175,2.4056022019213414,2021-07-25 17:24:15.523263,2021-07-25 17:24:17.640662,0 days 00:00:02.117399,RandomForest,,13.0,sqrt,2.0,4.0,216.0,,10,most_frequent,OneHotEncoding,median,,COMPLETE
176,2.4128872924580542,2021-07-25 17:24:15.800524,2021-07-25 17:24:17.957392,0 days 00:00:02.156868,RandomForest,,13.0,sqrt,2.0,3.0,198.0,,10,most_frequent,OneHotEncoding,median,,COMPLETE
177,2.581764057903785,2021-07-25 17:24:16.011722,2021-07-25 17:24:18.106663,0 days 00:00:02.094941,RandomForest,,13.0,sqrt,5.0,3.0,214.0,,10,most_frequent,OneHotEncoding,median,,COMPLETE
178,2.4115249208932426,2021-07-25 17:24:16.358117,2021-07-25 17:24:18.463263,0 days 00:00:02.105146,RandomForest,,13.0,sqrt,2.0,3.0,212.0,,10,most_frequent,OneHotEncoding,median,,COMPLETE
179,2.39255830795941,2021-07-25 17:24:16.652386,2021-07-25 17:24:18.610794,0 days 00:00:01.958408,RandomForest,,13.0,sqrt,2.0,3.0,212.0,,10,most_frequent,OneHotEncoding,median,,COMPLETE
180,2.591924596096086,2021-07-25 17:24:16.807891,2021-07-25 17:24:18.881453,0 days 00:00:02.073562,RandomForest,,13.0,sqrt,5.0,3.0,211.0,,10,most_frequent,OneHotEncoding,median,,COMPLETE
181,2.3805097685302976,2021-07-25 17:24:17.157836,2021-07-25 17:24:19.206597,0 days 00:00:02.048761,RandomForest,,13.0,sqrt,2.0,3.0,203.0,,10,most_frequent,OneHotEncoding,median,,COMPLETE
182,2.4102163404412016,2021-07-25 17:24:17.309658,2021-07-25 17:24:19.389945,0 days 00:00:02.080287,RandomForest,,13.0,sqrt,2.0,3.0,205.0,,10,most_frequent,OneHotEncoding,median,,COMPLETE
183,2.4045045292654517,2021-07-25 17:24:17.645697,2021-07-25 17:24:19.665577,0 days 00:00:02.019880,RandomForest,,13.0,sqrt,2.0,3.0,197.0,,10,most_frequent,OneHotEncoding,median,,COMPLETE
184,2.4312026455105835,2021-07-25 17:24:17.958915,2021-07-25 17:24:19.944461,0 days 00:00:01.985546,RandomForest,,13.0,sqrt,2.0,3.0,201.0,,10,most_frequent,OneHotEncoding,median,,COMPLETE
185,2.392322910031644,2021-07-25 17:24:18.111860,2021-07-25 17:24:20.148706,0 days 00:00:02.036846,RandomForest,,13.0,sqrt,2.0,3.0,217.0,,10,most_frequent,OneHotEncoding,median,,COMPLETE
186,2.3974466384164823,2021-07-25 17:24:18.464871,2021-07-25 17:24:20.448212,0 days 00:00:01.983341,RandomForest,,13.0,sqrt,2.0,3.0,206.0,,10,most_frequent,OneHotEncoding,median,,COMPLETE
187,2.391188707446292,2021-07-25 17:24:18.612328,2021-07-25 17:24:20.637545,0 days 00:00:02.025217,RandomForest,,12.0,sqrt,2.0,4.0,205.0,,10,most_frequent,OneHotEncoding,median,,COMPLETE
188,2.404617753320965,2021-07-25 17:24:18.886492,2021-07-25 17:24:20.926398,0 days 00:00:02.039906,RandomForest,,12.0,sqrt,2.0,4.0,216.0,,10,most_frequent,OneHotEncoding,median,,COMPLETE
189,2.388934229706641,2021-07-25 17:24:19.211628,2021-07-25 17:24:21.277119,0 days 00:00:02.065491,RandomForest,,12.0,sqrt,2.0,3.0,205.0,,10,most_frequent,OneHotEncoding,median,,COMPLETE
190,2.377843279915274,2021-07-25 17:24:19.391506,2021-07-25 17:24:21.394866,0 days 00:00:02.003360,RandomForest,,12.0,sqrt,2.0,3.0,202.0,,10,most_frequent,OneHotEncoding,median,,COMPLETE
191,2.4189025720879513,2021-07-25 17:24:19.667929,2021-07-25 17:24:21.779222,0 days 00:00:02.111293,RandomForest,,12.0,sqrt,2.0,4.0,205.0,,10,most_frequent,OneHotEncoding,median,,COMPLETE
192,2.3933388586404134,2021-07-25 17:24:19.950665,2021-07-25 17:24:21.985154,0 days 00:00:02.034489,RandomForest,,12.0,sqrt,2.0,4.0,217.0,,10,most_frequent,OneHotEncoding,median,,COMPLETE
193,2.385457341968691,2021-07-25 17:24:20.150292,2021-07-25 17:24:22.226073,0 days 00:00:02.075781,RandomForest,,12.0,sqrt,2.0,4.0,220.0,,10,most_frequent,OneHotEncoding,median,,COMPLETE
194,2.3874338526543886,2021-07-25 17:24:20.449755,2021-07-25 17:24:22.516333,0 days 00:00:02.066578,RandomForest,,12.0,sqrt,2.0,4.0,203.0,,10,most_frequent,OneHotEncoding,median,,COMPLETE
195,2.41903051106263,2021-07-25 17:24:20.639107,2021-07-25 17:24:22.700134,0 days 00:00:02.061027,RandomForest,,12.0,sqrt,2.0,4.0,205.0,,10,most_frequent,OneHotEncoding,median,,COMPLETE
196,2.3715801245203467,2021-07-25 17:24:20.931635,2021-07-25 17:24:23.014609,0 days 00:00:02.082974,RandomForest,,12.0,sqrt,2.0,4.0,202.0,,10,most_frequent,OneHotEncoding,median,,COMPLETE
197,2.388748489722146,2021-07-25 17:24:21.282244,2021-07-25 17:24:23.290973,0 days 00:00:02.008729,RandomForest,,11.0,sqrt,2.0,3.0,202.0,,10,most_frequent,OneHotEncoding,median,,COMPLETE
198,2.4103011792214857,2021-07-25 17:24:21.399909,2021-07-25 17:24:23.433601,0 days 00:00:02.033692,RandomForest,,12.0,sqrt,2.0,3.0,201.0,,10,most_frequent,OneHotEncoding,median,,COMPLETE
199,2.421402652626501,2021-07-25 17:24:21.781662,2021-07-25 17:24:23.599225,0 days 00:00:01.817563,RandomForest,,11.0,sqrt,2.0,3.0,192.0,,10,most_frequent,OneHotEncoding,median,,COMPLETE
